{"hr_errors": [{"exercise": "high", "batch_size": "28", "frequency": "256.0Hz", "error": "15.138238482177258"}, {"exercise": "high", "batch_size": "28", "frequency": "32.0Hz", "error": "12.881853431463242"}, {"exercise": "high", "batch_size": "28", "frequency": "15.0Hz", "error": "12.827579863369465"}, {"exercise": "high", "batch_size": "28", "frequency": "10.0Hz", "error": "14.52320721000433"}, {"exercise": "high", "batch_size": "28", "frequency": "5.0Hz", "error": "13.851131871342659"}, {"exercise": "low", "batch_size": "34", "frequency": "256.0Hz", "error": "17.76657074689865"}, {"exercise": "low", "batch_size": "34", "frequency": "32.0Hz", "error": "17.085990607738495"}, {"exercise": "low", "batch_size": "34", "frequency": "15.0Hz", "error": "17.117560505867004"}, {"exercise": "low", "batch_size": "34", "frequency": "10.0Hz", "error": "17.789746522903442"}, {"exercise": "low", "batch_size": "34", "frequency": "5.0Hz", "error": "16.854731142520905"}, {"exercise": "run", "batch_size": "28", "frequency": "256.0Hz", "error": "13.592454940080643"}, {"exercise": "run", "batch_size": "28", "frequency": "32.0Hz", "error": "15.240767151117325"}, {"exercise": "run", "batch_size": "28", "frequency": "15.0Hz", "error": "16.649715304374695"}, {"exercise": "run", "batch_size": "28", "frequency": "10.0Hz", "error": "13.287395983934402"}, {"exercise": "run", "batch_size": "28", "frequency": "5.0Hz", "error": "17.656355798244476"}, {"exercise": "walk", "batch_size": "37", "frequency": "256.0Hz", "error": "18.36229145526886"}, {"exercise": "walk", "batch_size": "37", "frequency": "32.0Hz", "error": "15.178392082452774"}, {"exercise": "walk", "batch_size": "37", "frequency": "15.0Hz", "error": "15.57431161403656"}, {"exercise": "walk", "batch_size": "37", "frequency": "10.0Hz", "error": "16.430448442697525"}, {"exercise": "walk", "batch_size": "37", "frequency": "5.0Hz", "error": "16.938441395759583"}]}